,Tweet,Neutral,Positive,Negative
0,And on the other hand...... Bring out your desi swag with #GoodManDiLaaltain!   https://t.co/mFTHkUgSxm  https://t.co/vr7JAuK4sA,0,1,0
1,Watch the making of the power-packed #SoormaAnthem here: https://t.co/dtUNU9XtSB @sonypicsprodns @ShankarEhsanLoy  https://t.co/XHfedvBVj7,0,1,0
2,"RT @SrBachchan: T 2848 - To SOORMA , my best wishes .. to the director and friend Shaad; to my colleague Taapsee; to a bright talent and ad ",0,1,0
3,Piche mere andhera Aage andhi aandhi hai Maine aisi aandhi mein Diya jalaaya hai.....  #SoormaAnthem out now.  Read  https://t.co/9Dgz9uxxDA,0,1,0
4,"RT @sonymusicindia: When in love, the anticipation and nervousness is relatable, isn t it? Watch #IshqDiBaajiyaan here: https://t.co/kkbvoo ",0,1,0
5,Yaad aa jaye to tera naam leke jhoom lu Shaam aa jaye to uth ke Chaand ka maatha choom lu Ve main saare dukh sehna  https://t.co/XC1SBe0jHx,0,1,0
6,The magnificent trio's melody #IshqDiBaajiyaan is spreading love in the air this season. Check out the making of th  https://t.co/Y1ssT4Idvz,0,1,0
7,RT @sonymusicindia: Give your callers a soulful treat! Dial the code &amp; set #IshqDiBaajiyan from #Soorma as your caller tune now.  @DiljitDo,0,1,0
8,"RT @sonypicsprodns: With its magical melody, #IshqDiBaajiyaan is winning hearts of all! 10 Million views and counting   https://t.co/7MrfXy ",0,1,0
9,Ishq di..... baajiyaan..... jeetiyaan.... naa haariyaan     Share the love !!!! #Ishqdibaajiyaan #Soorma https://t.co/o4LGNZYZvQ,0,1,0
10,"Come, fall in love with #IshqDiBaajiyaan! My favorite, penned by #Gulzar saab, composed by @ShankarEshanLoy and sun  https://t.co/hfinBDmv6C",0,1,0
36,"RT @StarGoldIndia: College sweetheart jiske  Prem  ne kiye hearts break hazaron, lekar aa rahi hai entertainment dugna with #Judwaa2OnStarG ",0,1,0
37,Muskuraiye aap Lucknow mein hai   #ShootMode #Mulk #MulkKiPhoto https://t.co/x8BY15eHYj,0,1,0
38,@Imangadbedi @StarGoldIndia Wah Bedi! U r very smart!,0,1,0
39,Ab bas theatre mein aane ka intezaar rahega! What an endearing trailer            https://t.co/yzJmSyGF9a,0,1,0
40,Janamdin aapka khushkismati hum sab ki   #HappyBirthdayBachchanSir @SrBachchan https://t.co/GoEF1gFoJy,0,1,0
41,Dussehra ka ENTERTAINMENT hoga kal double! #Judwaa2KiDussehra #Judwaa2 @Varun_dvn @Asli_Jacqueline @foxstarhindi  https://t.co/Y1rB1PNgIO,0,1,0
42,RT @foxstarhindi: Dugna fun with #Judwaa2KiDussehra! Book now: https://t.co/Mp5OLL7upP Use code JUDWAA2 @Varun_dvn @Asli_Jacqueline @Taapse,0,1,0
43,Celebrations hogayi shuru #Judwaa2KiDussehra ke saath! Book now! https://t.co/zeewLc5Ngd Use code JUDWAA2   https://t.co/4ygn8uu4f3,0,1,0
44,Samaara ke saath pagalpanti #Judwaa2In5Days #Judwaa2KiDussehra @Asli_Jacqueline @taapsee @foxstarhindi @NGEMovies https://t.co/5h9Jxg7TSJ,0,1,0
45,Aaja band baaja leke aaja... #OonchiHaiBuilding 2.0  #Judwaa2 https://t.co/MhyUkKPKFz,0,1,0
46,RT @foxstarhindi: Bappa aur Raja ki jodi aarahi hai kal! #SunoGanpatiBappaMorya song out tom at 10 am @Varun_dvn @Asli_Jacqueline @taapsee,0,1,0
47,"Ek baar se dil nahi bharta, mud ke dekho humein dobara! Flying high with tan tana tan tan tan tara #Judwaa2  https://t.co/DjBKsICUiv",0,1,0
48,@abhilashthapli AAM land mein toh tha mera birthday! AAM girl is happy girl #ThankYou,0,1,0
49,@WardaNadiadwala Block toh bust hone hi wala hai! And we both shall be tan tanaing with it! Thankq so much hotness,0,1,0
50,@Varun_dvn Fire cracker toh abhi phatne wala hai cake kha kha ke! Chal dubbing slot diya as return gift. Thankq so  https://t.co/nEH51TLXnT,0,1,0
51,@Riteishd Thankq so much! Koshish jaari hai   thanks for always being so encouraging :),0,1,0
52,@rajpalofficial Sir woh toh apna saath mein hoga is saal! Thankq so much :),0,1,0
53,Another feather in @isro cap!          Aap toh kamaal karte ho! Don't know about this world but in space we r slaying! #SouthAsiaSatellite,0,1,0
54,RT @SonyTV: .@BajpayeeManoj  aur @taapsee ke saath lagenge hansi ke thahake aaj raat 9 baje #TheKapilSharmaShow mein.,0,1,0
55,"With this #NaamShabana team bids bye to Delhi. Kuch Dino mein phir milte hai, National Security agenda ke saath :) https://t.co/vqZUOF2pz3",0,1,0
56,"RT @FFW_Official: @akshaykumar's dailouge  Itne dur se aaya hu, kuch toh karne do  is @taapsee's favorite dialogue. Which one is your favor ",0,1,0
57,"RT @PlanC_Studios: Teri haathon ki taraf, mere haathon ka safar, Rozana.  Feel the love with #Rozana. @taapsee @BajpayeeManoj @PrithviOffic ",0,1,0
58,"My Dilli ka Launda @Saqibsaleem ab toh picture dekh li hai, tell me if that reminded u of a time when u wanted to elope! #RunningShaadi",0,1,0
59,Yesss we shall follow that bhaagti hui advice! #RunningShaadi https://t.co/RI11WZaTY2,0,1,0
60,This is it! We are here! Book your tickets and please humaari achi Boni karva do    #RunningShaadi https://t.co/RIThvwwiT2,0,1,0
61,@anubhavsinha thankq    box office pe bhi run kar jaye bas!,0,1,0
62,@bhawanasomaaya bilkul! Nahi toh idea toh de hi denge hum,0,1,0
63,Wohoooooo!!!! Hum aa rahe hai bhagaane!!! #RunningShaadi https://t.co/jXFYQErOmU,0,1,0
64,RT @TimesMusicHub: #Trending Tere dukhon ka yun dhadkan pe karz hain..Tere liye chale saanson ka farz hain.. #MainFaraarSa @aroyfloyd - htt,0,1,0
65,RT @OYERJALOK: Jummey ki Shaam; Shabana Ke Naam .. #NaamShabanatrailer with @BajpayeeManoj @neerajpofficial @taapsee Tomorrow    #,0,1,0
66,Aaj hawa kuch alag chali hai..... https://t.co/pvrQnjpvfk,0,1,0
67,"Bada maza aa gaya saare lists dekh ke! @AmitSadh, yaad rakhiyo yeh sab. Kaam ayega #BhaagKeShaadi ke liye.",0,1,0
68,@surajbirni40 aapke observation ki daat deti hu.,0,1,0
69,@Rakulpreet finally it's a chappar phaad ke moment for me,0,1,0
70,@Salilacharya arre ab finally main star ban jaungi na,0,1,0
71,Kehte hai a good start is half job done. Help me get a kickstart in 2017 with @running_shaadi  https://t.co/2PLzso1kFL,0,1,0
72,@ShoojitSircar @Imangadbedi @ronnielahiri chalo then let me know who wins. Main sirf winner se baat karti hu,0,1,0
73,@Imangadbedi @ShoojitSircar @ronnielahiri kyunki I'm a very lamb I race ki horse,0,1,0
74,@Nnidhisin brother this time popcorn ke saath band baaja bhi lagega,0,1,0
75,"@Saqibsaleem hahahaha. Fringe ne jaan le li meri! New year ho gaya, ab wrap party karein???",0,1,0
76,@writish aap kataaar mein hai real hero,0,1,0
77,"Chu le aasmaan, Zameen ki tu talash naa kar Maza le le zindagi kaa , Khusiyon ki tu talash naa kar! https://t.co/LIBVS7aZmd",0,1,0
78,"Being good is difficult, but fruitful! ""Ache logo ke saath acha hota hai, aur jo bhi hota hai ache ke liye hota hai!"" #MantraForLife",0,1,0
79,I'm more of a chole chawal loving person #AskTapc https://t.co/8KarI5l9xC,0,1,0
80,"With a background score of ""ghar aaja pardesi tera desh bulaye re"" my rockstar of a team n yours truly head back ho  https://t.co/mfst3jdWjc",0,1,0
81,RT @StarGoldIndia: National College ho gaya PINK! Kya aapne dekha yeh? RT agar aap yaha hai! #StarGoldTurnsMumbaiPink @SrBachchan @taapsee,0,1,0
82,"RT @StarGoldIndia: PINK guroor hai,himmat hai,saahas bhi hai! PINK sirf ek rang nahi! Watch PINK on 23rd Oct 1pm #StarGoldTurnsPink @SrBach ",0,1,0
83,Wah wah wah! Yeh hui na baat!          https://t.co/yy1OgSC9Vw,0,1,0
84,Yaar hum kitne sundar lag rahe hai! Matlab success is shining on our faces    https://t.co/8WSCjmtt2F,0,1,0
85,@Saqibsaleem abhi Meenal ka makeover Ho gaya hai. Now I'm half Brit,0,1,0
86,@bookmyshow @foxstarhindi Ae Mamu Apne ko Bhi Ek #RanbirKapoor Joh hain Apna #Sanju Ek Jaadhu ki jhappii Dena  #SanjuOnBMS #Mumbai,0,1,0
87,@bookmyshow @foxstarhindi Aye Mamu Tension nahi leneka Jab tune apna best performance diya hai toh Picture Blockbus  https://t.co/fcDSE5lh66,0,1,0
88,RT @JabirMansuris: @bookmyshow @foxstarhindi Apna jaisa life jine ka sanju movie dekhne ka full two jhakaas! Best of luck for the sanju mov,0,1,0
89,"@bookmyshow @foxstarhindi #SanjuOnBMS   Ballu Balraam ki taraf yeah Sandesh hai ki  ""Apne is naye Thanedar ko kissi  https://t.co/TfvF8RwEsL",0,1,0
90,RT @faizan_mans: @bookmyshow @foxstarhindi Kya bhai apun  ki taraf se bole toh all dha bhery bhest   #SanjuOnBMS,0,1,0
114,RT @faizan_mans: @bookmyshow @foxstarhindi Dekh re meri taraf apun ki taraf se ekdum jhakkas wala all dha very bhest #SanjuOnBMS,0,1,0
115,"@bookmyshow @foxstarhindi Apun ne #Sanju ka trailer dekha. Bole toh ekdum ""Paani Cum Chai"" ke maafik laga apne ko.  https://t.co/UDmqbkfdkI",0,1,0
116,"RT @bookmyshow: Mumbaikars, are you ready for a fun time this afternoon? Watch this space for the super-exciting #SanjuOnBMS contest. #Cont ",0,1,0
117,USA Canada ! Swag se swagat karna padega hi aapko humara !  #DabanggReloaded @DabanggTour2018 @ZEEAmericas ?? https://t.co/vFtT94EPaE,0,1,0
118,Eid Mubarak to all my loved ones .  https://t.co/j0dYsxr9ZZ  #Race3WaaliEid #Race3InCinemas https://t.co/9zPlGpbqjH,0,1,0
119,Next level ka action .. Next level ka thrill toh next level ka Trailer toh banta hai! Enjoy the #Race3ActionTrailer ?? https://t.co/WkAUJjM8DV,0,1,0
120,"Sirf aapko yeh batane, aaj early good morning. #LoveratriTeaser out at 3pm.   @aaysharma @Warina_Hussain ?? https://t.co/IUegTntvgU",0,1,0
121,June is here aur countdown shuru ho gaya hai. USA/Canada - the #DabanggTour coming very soon near you . ?? https://t.co/AAp4CvrKF5,0,1,0
122,??Allah Duhai Hai ?  Gaane ko apni caller tune banane Ke liye  Vodafone Users Dial Karo  53710484875  Idea Users Dial ?? https://t.co/6fV1XAO6rj,0,1,0
123,Rameshji Bol rahe hai chariya Gaana hit ho Gaya hai !!!!!! ???? ????  @Asli_Jacqueline @AnilKapoor @thedeol @ShahDaisy25 ?? https://t.co/sJXfSggdyJ,0,1,0
124,Aa raha hu wapas 9 saal baad @SonyTV par Dus Ka Dum lekar. Don't forget to watch #DusKaDumTonight at 8:30 PM. https://t.co/gDOpuftYPM,0,1,0
125,Our dharmji is our dharmji ! Chalo in this special case your dharamji too ;) https://t.co/nytUC7YecK,0,1,0
126,OMG! MyLove watching the song #selfish... haaahaa https://t.co/8EkbdN7hBa,0,1,0
127,"Itni saare filmein, aur kitni saare yaadein. Aa raha hoon big screen se seedhe big stage par! Grab your tickets now ?? https://t.co/7FtqspEvxA",0,1,0
128,Buss mood Kiya tweet karneka. Toh Yeh raha Mera tweet . https://t.co/l9AADCF1jM,0,1,0
129,Intezaar hua khatam. Miliye meri #Race3 family se. #Race3Trailer OUT NOW : https://t.co/Dw8qTBR37U   #Race3ThisEid ?? https://t.co/AZr4VQqrxc,0,1,0
130,Sach Batau . We were not ready with the #Race3Trailer . Is liye itne posters banaye . But Intezar ka fal meetha hot ?? https://t.co/K4m5qbAJBt,0,1,0
131,Seeing isn ??t always believing in this #Race . Kaun kya hai pata chalega soon ! #Race3ThisEid @Asli_Jacqueline ?? https://t.co/3fSDUyMOOn,0,1,0
132,#Bharat .. welcomes u back home @priyankachopra . See u soon .. By the way humari film Hindi hai ;) . @atulreellife @aliabbaszafar #Eid2019,0,1,0
133,Jaao and visit the amazing beauty of #ArunachalPradesh - home to my buddy @matinrey_tangu ! Saath chaloge ? ?? https://t.co/7Ku9pAHF7z,0,1,0
134,Aur Yeh Hai the #Race3 family . Let the #Race begin #Race3ThisEid @SKFilmsOfficial @tipsofficial @RameshTaurani ?? https://t.co/82qVikKkYw,0,1,0
135,Is hafte milata hoon #Race3 ki family se ... mera naam hai Sikander. Selfless over selfish . #Race3ThisEid ?? https://t.co/xCGsg3P9dt,0,1,0
136,Aa rahein hain hum.. swag ke saath !  #DabanggReloaded @DabanggTour2018 @ZEEAmericas @sahilpromotions @beingbhav ?? https://t.co/Pn7ikSnlz6,0,1,0
137,. @CastingChhabra this is just the beginning . Abhi aur bahut log hume dhundne hai thru the #BeingInTouch app . Toh ?? https://t.co/8mlwaAIYId,0,1,0
138,One Less bahana for you all not to get fitter ! #BeingHumanEcycles now available on the @PaytmMall . Aur isme 5k ta ?? https://t.co/bw85pupExO,0,1,0
139,Nepal tayyar ho jao. The #DaBangg Tour is coming soon to you!  #DabanggTheTourNepal #ODCEntertainment #SalmanKhan ?? https://t.co/Sye2C52qXy,0,1,0
140,Yeh Valentines Day par wishing everyone #Loveratri . @aaysharma  @Warina_Hussain @SKFilmsOfficial https://t.co/mGiv2rCCZg,0,1,0
141,"Nothing to worry na @aaysharma ki film #Loveratri ke liye ladki mil gayi Warina, Toh dont worry na be happy na https://t.co/uetTpUKRdi",0,1,0
142,Agar pehle most talented ya pagal Manish ne mujhe sunaya hota final version toh mai he utha layta anyway best of lu ?? https://t.co/kEw6lcPjT9,0,1,0
143,Maine toh Manish k kehne par aise he post kardiya tha  ??Bhai post karo  Bhai post karo ?  lekin I cant believe that th ?? https://t.co/C059H4o4A0,0,1,0
144,Ab Birthday hai toh mere loved ones ke liye kuch special toh banta hai . Rush to your nearest #BeingHumanClothing s ?? https://t.co/czOo22Pf6V,0,1,0
145,Birthday ka return gift ! For all you loved ones - 52% off on all the #BeingHumanJewellery only for today #2712 . S ?? https://t.co/q0mLsKX6Qk,0,1,0
146,"Yeh saare rockstars ko thank you. Always accha kaam karte raho, Negativity ko kick aur positivity ko hug karo. Have ?? https://t.co/g4eFoQMxM9",0,1,0
147,Fashion ko welcome karo ek naye Swag ke saath . Fashion ka naya beginning . #SplashFashions . https://t.co/422gVq69mp,0,1,0
148,"Now u see me .. Now u dont, But Delhi be ready to see me tomorrow . Be there ! https://t.co/UN2e9TshQG",0,1,0
149,Delhi tayyar ho na ! we are on the way to meet you .   #dabanggtournewdelhi #redrocksentertainment #jlnarena ?? https://t.co/HrZuQWDQql,0,1,0
150,Inke Aane se Race3 ka cast aur ho gaya jhakas @AnilKapoor @RameshTaurani #Race3 https://t.co/tPA5hxsBuK,0,1,0
151,"Baki sab toh Theek Hai but look at how hot, cool, sweet, charming &amp; sexy is rameshji looking in this Race 3 ke team ?? https://t.co/RgMSY9VRzh",0,1,0
152,Diwali Gift.... pasand aaya? Ab Christmas pe milna... #tigerzindahai https://t.co/ZRReba4oGQ,0,1,0
153,Tigers bahut kam Zinda Hain ??...Bina baji my mother frm  ??Maine pyar kyun Kiya ?? has written n shot amazing pics in d ?? https://t.co/Fc2gfd4RhS,0,1,0
154,Congrats @aaysharma Now is the time for a lot of mehnat aur lagan. Wish you all success God Bless #AayushSharma,0,1,0
155,"sirf 9-10 se mila hu, i m sure 128 cr ki population k andar 28 cr to aise hone chahiye. #5YearsOfBeingHumanClothing ?? https://t.co/5hRLXWxAog",0,1,0
156,"Yakeen ki ek aisi kahaani jo karegi zindagi mein full light! Don't miss #TubelightOnStarGold,2nd Oct at 1 PM. ?? https://t.co/ZJO5AhMLPZ",0,1,0
157,The first talent we r looking for is d female lead for SKF's next venture. All the best jaldi se profile bhejo https://t.co/bfKZmyAHox (3/3),0,1,0
158,Modiji wishing you a very happy birthday . @narendramodi,0,1,0
159,Mere PRDP ke Bapu has made this film. Please watch .  https://t.co/QC8TPet8NW,0,1,0
160,"Yeh dekhiye, yeh lijiye, Heaven on Earth, Kashmir. Love and Peace   https://t.co/gMdtHlZEGX",0,1,0
161,Make a difference by being an active participant of the #RallyforRivers movement. Give a missed call aaj..abhi! https://t.co/mFyRLLRmyZ,0,1,0
162,Damdaar ban jaao.. Dekh Ke Aao.. Hanuman Da'Damdaar.. in cinemas nowww! #BeDamdaar @hanuman_damdaar https://t.co/IAFfZmSOxM,0,1,0
163,#NaachMeriJaan Laxman aur Bharat ke saath Celebrate Bhaihood https://t.co/2Y8mCUoZZ0 @SohailKhan @sonymusicindia @kabirkhankk,0,1,0
164,.@kabirkhankk Twitter ko full light kar dega ab yeh #TubelightKiEid emoji! @TubelightKiEid @amarbutala @TwitterIndia https://t.co/4lsnGhXGaj,0,1,0
165,My Mother will select 5 lucky winners who will get a lovely hamper. Jaldi Karo the contest ends at 6:00 PM today #BeingMom,0,1,0
166,Hai Hai!! Bas only 1 day to go!  #TubelightTeaserTomorrow @TubelightKiEid @amarbutala @kabirkhankk @SKFilmsOfficial ?? https://t.co/DQEN0yEFov,0,1,0
167,Don't follow rumors . follow me . ek baar jo maine commitment kar di toh phir...... vry much doing film with @akshaykumar,0,1,0
168,In Workers ke liye 'Thanks' toh banta hai .  https://t.co/XjYwe2rSJR,0,1,0
169,Aa gaya mera Hero . Mera Partner . Superb Trailer . Link : https://t.co/89RR6AlqFv,0,1,0
170,Get ready . Aa raha hai bada surprise ! #ComingSoon #BirthdaySurprise .,0,1,0
171,Retail Se yaad aaya ke kuch gaane tailormade hote hai.Nice to c brothers singing in one tune @MikaSingh @dalermehndi https://t.co/bQUXK2By6Q,0,1,0
172,.@iamsrk ki film aa Rahi hai . Date Maine decide kar di hai . Title tum log decide kardo . Best of luck ?? https://t.co/mZiiN6KGEF,0,1,0
173,"I'm going to tweet at 7pm today, Ek Baar jo maine commitment kar di ... too much fun !",0,1,0
174,After oh oh Jane janaaa comes this gaana. Amazing single by Kamaal Khan. https://t.co/yU124Kb2fo,0,1,0
175,My son n my jaan https://t.co/6AX39JLz9w,0,1,0
176,"Congratulations Murad Bhai for winning the Yash Bharti award, the highest award in UP https://t.co/UNNetWdS3m",0,1,0
177,Chedi Singh umeed karta hu #TutakTutakTutiya super hit hogi . Warna hum itne ched kar denge ki ... ! @sonusood wish u luck .,0,1,0
178,"Haha!Godbless @salmansagarpan1 @RajuRahikwarsrk #DevasishAK Bade hoke jhagda mat karna, aur kiya toh makeup kar lena https://t.co/Bs8JQdBzCp",0,1,0
179,"Saw the trailer of Banjo, Ritesh and Nargis are outstanding. Abh Yeh deko . #ThankGodBappa now with #HindiSubtitles  https://t.co/ejz3zRAwL9",0,1,0
180,Uper walla body builders ki kher Karen @AnupamPkher https://t.co/qxjNWeQLwo,0,1,0
181,Radio Nasha 91.9 pe tune Karo every sat-sun 4pm on 'The 70mm Show' with @luvsalimkhan .. aur enjoy Karo ! https://t.co/Of5W2jANFW,0,1,0
182,Hello Brother! Jai Ho my Partner @sohailkhan,0,1,0
183,Wah yaar @Shekharravjiani is doing a tribute to his teacher Shri Jagjit Singh in Singapore at the Esplanade on 9 Sep https://t.co/ptp8m1pzBm,0,1,0
184,"Apna version jo 12volt ka tha, that now sounds like 6volts ka????lekin ye smile toh hai 440volt ka.Only for u guys.Njoy https://t.co/jHDdniZI03",0,1,0
185,Ek baar maine commitment kar di Toh... So suno jag.... in my voice . #JagGhoomeyaSalmanVersion  . Link: https://t.co/wcjfVFpy0D,0,1,0
186,Do din buss = ). Itna toh wait karhi sakte ho till then enjoy Rahat .,0,1,0
187,iss saal 8may ek cup chai peelo n support those fighting cancer https://t.co/8pJDNDhJAH @friendsofmax @vijivenkatesh https://t.co/QujkoPJQSg,0,1,0
188,they hv started this thing k chai peeo aur uss ka paisa vil help them help others .,0,1,0
189,"Great initiative by BMC for waste management,couldn't attend this exhibition with my bandraite's.. Yaha Jaana zaroor https://t.co/tE9XqvfZJY",0,1,0
190,RT @luvsalimkhan: 1/3: Mohan Bhagwat has said we have to create an India so great that people will themselves say Bharat Mata Ki Jai.,0,1,0
191,"RT @luvsalimkhan: 3/3: change is growth. Bharat Mata Ki Jai. -Luv, Salim Khan",0,1,0
192,RT @luvsalimkhan: 2/3: Salaam Bhagwat Saab! Lot of people say with pride that they haven't changed. That means they are not growing.,0,1,0
193,Kya baat hai ! Jackie Baby aur Sooraj Baba. Gf Bf . Amazing song,0,1,0
194,Surat kem cho ! I am coming to ur city tomorrow for Da- bang! Chalo jaldi tickets book karo! Will see u all soon .,0,1,0
195,"Watching rocky 1 now,  tana taaa tanaa taa tanaa taa Tanna ttaaaaa  @theslystallone Is aadmi se seekho yeh hai hero https://t.co/2Twf1FZmuo",0,1,0
196,Jaaaa ooooooo bacchoon ko le kar n enjoy karo. Bus pe dikha toh pic lekar tweet kar raha hoon. https://t.co/yfpDBdBpvQ,0,1,0
197,Thank u for ur bday wishes . Means a lot to me . Aur yeh raha aapka return gift https://t.co/VppaFKq7d7,0,1,0
198,Mere makhi bhaiya aur Munni bhabi  ka show #PowerCouple dekhna na bhooliye . https://t.co/HhehL8TEML,0,1,0
199,Vo Khush naseeb hai jinki family hoti hai! #MyPRDPFamily https://t.co/AvwGFRdUf8,0,1,0
200,Sunny Deol is back once again . Ghayal ! https://t.co/7HU0CaWjK2,0,1,0
201,"Was watching promo of Pyaar ka punchnama, hahahah! Glad to see @sonnalliseygall, did the thumsup advt vit her sm time ago. happy for her.",0,1,0
202,"PRDP is for everyone with family &amp;wanting to have one. Sabke Families mein problem hoti hai,lekin woh khush naseeb hai jinki family hoti ha",0,1,0
203,Kick n bajrangi bhaijaan k baad nawaz ki film Manjhi release hogayi hai aaj wishing  @Nawazuddin_S n the team all the best n a big hit.,0,1,0
204,By popular demand . Schedule se ek din pehle . Dekho full gaana sirf hotstar par abhi . http://t.co/1I2NI5xfn6 #MainHoonHeroTera,0,1,0
205,Kalam saab was an amazing teacher and also an amazing student . Yeh dekho .  https://t.co/dJvMBuz9F7,0,1,0
206,I will miss Kalam saab . India will miss him . https://t.co/dAq8FMcnVL,0,1,0
207,"ek scientist tha, hai aur rahega . His teachings will always be with us .",0,1,0
208,RAEESSSSSSS ah raha hai. Filhaal teaser  dekho aur enjoy karo behaad,0,1,0
209,"Oh ho oh ho  wat an amazing play @anupampkher is fantastic in it, it's jst superb n now he is showing in U S frm the 7th august , must watch",0,1,0
210,"My dad strongest. Salim khan(dullu) urff prince Saleem the original bajrangi bhaijaan, happy father's day daddy. http://t.co/UShuo4vHPQ",0,1,0
211,Teaser. Gaana. Trailer. Ab ek aur gaana. Filled with Romance. Aapke liye http://t.co/db6OI3fiJd,0,1,0
212,Challo tweets khatam. So jao ya appna kaam karo. B happy,0,1,0
213,"don't waste your time n energy on this stupid negativity or even the compliments, go n make your own life n b happy. Kasaam se",0,1,0
214,"I wld b the happiest man if u have no time to follow me, b on twitter, reply, etc  n make your life n b your own hero. Yeh Sab jhoul hai",0,1,0
215,Accha laga mtg the wndrful ppl at the Indian embassy yahan Dubai main .,0,1,0
216,Agar kisi ko follow karna hai? Bahar ka... inko follow karo  @TheSlyStallone  Aapke Hero ka hero Sylvester Stallone,0,1,0
217,Kamaal karte ho Varun Dhawan...made ur dad n me so proud of u... happy Shhuddhi http://t.co/DfQtSEqcpo,0,1,0
218,KASHMIR bahut AMEER in natural beauty... Maashallah  Maashallah http://t.co/y6r6n78rTv,0,1,0
219,Kashmiri sev se sweeter hai Kashmiri bachhe http://t.co/5JtWGYsdc9,0,1,0
220,All those who prayed for and supported me thank u meherbani shukriya .,0,1,0
221,"N sorry, sonakshi devi too, she also had a small part to play in me joining twitter n counting followers. Thx dubli patli sonakshi devi.",0,1,0
222,"Swachh Bharat ke liye ab tak jo nominated hai, did you send pics / videos ?  Send it here . cleanindiawithsk@gmail.com",0,1,0
223,Here it is - mera naya Suzuki Gixxer SF . Can't take my eyes off it... #SuzukiGixxerSF http://t.co/rC4Oc3JLMu,0,1,0
224,"Jaldi mat jawaab do. Aaraam se, time lay k, sooch samaaj k. Galat jawaab Dena. Ok?",0,1,0
225,Hindustan k peoples  mai hai bada dum  VANDE MATARAM .,0,1,0
226,Dolly ki doli Mouth publicity se  collections aaj  have picked up. Glad u guys hv liked the film n spoken abt it.Wah yaar kamal karte ho aap,0,1,0
227,The whole bajrangi bhaijaan team watched the movie in a theatre close to us abt 35 km frm us n v loved it . Ma kasaam,0,1,0
228,Hamare Makhi Pandey ki film Dolly ki Doli ka trailer aaj doopahar Ek baje aa raha hai. Dekhna toh banta hai !!!,0,1,0
229,Wah yaar! Kamaal karte ho mr varun ! Badlapur ? Already tryin diff stuff :) ? Film lookin good. Baap ka record tord do jaldi . Happy fr u .,0,1,0
230,I once again thank @narendramodi for taking up the Swachh Bharat initiative and nominating me.,0,1,0
231,@Bhuvan_Bam mere nahi....#Hamare favourite sir ki movie ka triler bhuvan bro,0,1,0
232,"#Hamare Dil Ki Umeedon Ka H0sla To Dekho,  Aye D0sto'  Yad B Un Ko Karta Hai Jin K Zehan Mein Kbi Hamara Khayaal Ta  https://t.co/0zpkuLXGW9",0,1,0
233,"RT @DeviCha10252393: @Sudhainsan18 @ImVicky_insan #Khuda kaise karoon #shukriya iss din ke liye,!!!!!! tumhe #dharti pe bheja #hamare liye! ",0,1,0
234,"#pyar  k  Liye @Dil,               #Dil  K  Liye  Aap  Aap  K  #Liye  Ham    https://t.co/oup0cUzeax",0,1,0
235,#Bologuruji guruji kya aap ne kabhi socha tha ke aap ka channel India me top hogan. Luv u guruji plz reply,0,1,0
236,#BoloGuruji Hlo Bhai maraa saval hai ke abhi mara pass 4g phone hai magar jab 5g aye tab fir se new phone lanaa padanga and love u bhai,0,1,0
237,@TechnicalGuruji Love you guruji kanpur meet up kab kab???? love your new look please up the question... #Bologuruji,0,1,0
238,#Bologuruji which phone to buy Huawei p20 lite or Moto g6 other love your videos and love you bhai,0,1,0
239,#BoloGuruji Please start a gaming channel I would love seeing some gameplay videos by you by the way love your videos,0,1,0
240,#BoloGuruji aapki har video amazing hoti love u bhaiya,0,1,0
241,#Bologuruji HII BRO. I AM SUBSCRIBED YOUR CHANNEL WHEN YOU HAVE 500K+ SUB'S. AND MY QUESTION IS I AM A STUTTERED PE  https://t.co/onePshBJqn,0,1,0
242,Hello Gaurav bhai love ur video koi bhi video miss nahi krta apki and plz muucch hta do aap and mera qus ye h ki ma  https://t.co/TRqFj5otUR,0,1,0
243,Hahaha #Bologuruji muche acchi nehi hai  Clean kardo please #Technicalguruji https://t.co/v7vopz5aOR,0,1,0
244,@AsaramBapuJi Bapujii ke sabhii ashramo se sabhii sewa karya lagataar kiye ja rahe h sadhuwaad h sabhii sewadhariyoo ko #BoloGuruji,0,1,0
245,@AsaramBapuJi Bahut sunder baat #BoloGuruji,0,1,0
246,#BoloGuruji  Guruji aap to camera me dikh gai ... Hahahahaha https://t.co/cSSJnDdpo8,0,1,0
247,RT @ankitcrazytech: #BoloGuruji Kya Baat Hai Guruji Video To Kati Zeher Hai Zeher https://t.co/tPUEr9dCoU,0,1,0
248,@TechnicalGuruji   #BoloGuruji kabhi mera sawal pick nahi karte ho ek baar toh kar lo by the way mera sawal ye heah  https://t.co/g6N7JpOCOU,0,1,0
249,Looking awesome guruji....#Bologuruji https://t.co/k5bqSLABcO,0,1,0
250,#BoloGuruji Guruji aap Akola Maharashtra ko aao please,0,1,0
251,#BoloGuruji Guruji aap kiya kam korte ho. Bata o mujhe and love you bhai. I like your video so much.,0,1,0
252,"@TechnicalGuruji  #Bologuruji  Kaise ho gaurav bhai,  Aapka naya look ko maine naya name diya h ( technical mario)   https://t.co/qpEoBf3Wwf",0,1,0
253,#BoloGuruji guruji app se ye kuch Sawalha hai ki app kise ko Twitter pe follow kyu nhi karte ho aur na hi karte ho  https://t.co/vQPXEtPiBP,0,1,0
254,Konsa phone best hoga sir ji in teeno mein  1.Asus zenfone max pro m1 2.Redmi y2 3.redmi note 5 Aap hote to konsa lete #bologuruji,0,1,0
255,@technicalgruji #Bologuruji hi bhai aaja to dari katke hero lag rege ho,0,1,0
256,@RNSanodiya @SriPundrik Media ka kaam h bhaukanaa to usko uskaaa kaam krne do hmara kaam h bapujii ko mananaa to hm  https://t.co/cAcrv3AqPc,0,1,0
257,@TechnicalGuruji Asus ROG phone ke bare me video banaiye please... Love you as technology Master I never Missed your video  #BoloGuruji,0,1,0
258,@TechnicalGuruji Bhai best phones of all ranges ki video kb aa rhi h aapne bola tha ki m jldi hi next video leke aa  https://t.co/VbCXxbhjMY,0,1,0
259,@TechnicalGuruji ye look suite nei kiya      Btw @emNikhil bhai looking hot    #technicalguruji #mumbaikarnikhil  https://t.co/4sbi6hFiyc,0,1,0
260,@PoonamThakur111 @Shankaracarya36 Satyaaa kii jeet awashyaaa hogiii #BoloGuruji,0,1,0
261,@TechnicalGuruji bhai hogaya @emNikhil bhai ke vlog mein dikh gaya    bohat sahi lag rahe ho.....love u both  https://t.co/ZlUnoupDD5,0,1,0
262,#Bologuruji Bhaiya ji kya kisi file ko bar-bar share karne se uski quality kharab ho jati hai kya???? kisme sabse j  https://t.co/xPgEyA6KjV,0,1,0
263,"@TechnicalGuruji @YouTubeIndia Mooche Ho Toh Gaurav Chaudhary urf Technical Guruji Jaise Ho, Warna Na Ho... @gaura  https://t.co/tiXe2CFNiq",0,1,0
264,@AsaramBapuJi Bapujii aapke saanidhyaaa me bitaye huye wo din bahut yaad aate h #BoloGuruji,0,1,0
265,@TechnicalGuruji Bhaiya aap udaipur rajasthan bhi meetup kro..Aapse milne ke bahut iccha h.. #bologuruji,0,1,0
266,"@TechnicalGuruji #Bologuruji Gaurav bhai my budget is 65000 and I want your suggestion to help me out, I want an al  https://t.co/5B3CCFvzsO",0,1,0
267,Tech me thoda non tech.  Bahot hua mobile evolution Ab hoga beard evolution Looking great guruji #beardman  https://t.co/1Bz7hmcx11,0,1,0
268,Hi guruji bohot ache lag rahe ho iss naye look mein.Mera sawal hai ki Mi A2 India mein kab aur kis price mein aayga  https://t.co/jR4xgTxx8r,0,1,0
269,"@TechnicalGuruji #BoloGuruji Gaurav bhaiyya batao,  Samsung Galaxy J8 or Redmi note5 pro.. Konsa kharide? Aur saath  https://t.co/NOaV1sA3Pm",0,1,0
270,I liked a @YouTube video https://t.co/ritVGcQGNk #78 Sunday Tech Masala - USA Edition #BoloGuruji,0,1,0
271,gaurav bhiya kay aapko lagta hai Electronics Engineering ka Future hai  Robot ki vajase. aur aap new look mai badhi  https://t.co/eMs8mVvCVx,0,1,0
272,#Bologuruji HII BRO. I AM SUBSCRIBED YOUR CHANNEL WHEN YOU HAVE 500K+ SUB'S. AND MY QUESTION IS I AM A STUTTERED PE  https://t.co/ohv1SDXX4w,0,1,0
273,@TechnicalGuruji #BoloGuruji Gaurav Bhaiya aapne bataya tha ki aap apne saare mobile aur smartphones ki collection  https://t.co/Ng6JjxHBdy,0,1,0
274,@TechnicalGuruji #Bologuruji sir ap jo bolte hai ki mujhe sir mat bolo ham vo apko respect dete hai because u deser  https://t.co/q8ZahW4nvL,0,1,0
275,@TechnicalGuruji #BoloGuruji aap mujhe iphone 6 kab dene wale ho  Giveaway me to nahi mila almost 5 giveaways mein  https://t.co/Zkmlu6AMXH,0,1,0
276,I liked a @YouTube video https://t.co/QrS4QlWxom #78 Sunday Tech Masala - USA Edition #BoloGuruji,0,1,0
277,#NewLook @TechnicalGuruji #beared #shave #REVEALED #Bologuruji #FirstTimeOnCamera #AfterShave https://t.co/on9MCMS9Qs,0,1,0
278,@sujoy_g Today we will try a different expression haan !,1,0,0
279,@EkAbhijeet Mere school mein sports khelte his India jersey pehenne ko nahi dete the. Aapka Kaunsa school tha?,1,0,0
280,"Dilli ki love story isn t complete without rickshaw rides, gol gappas and street shopping! Enter the love story of  https://t.co/zVyvCaIqbb",1,0,0
281,Inka naam hai Aarti... Poora naam..... Jald hi pata chalega ... Next one.... #Mulk https://t.co/fJVsl2VUyY,1,0,0
282,Raja ki izzat...Aapko pata chalega iss #Judwaa2KiDussehra ko! #Judwaa2 @Varun_dvn @Asli_Jacqueline @foxstarhindi  https://t.co/8ahoDkfScG,1,0,0
283,Raja &amp; Bappa's kahani in #SunoGanpatiBappaMorya song! Out tomorrow. #Judwaa2  @Asli_Jacqueline @varun_dvn @TSeries https://t.co/OSZ6UTXakv,1,0,0
284,"RT @zeecinema: Desh ke liye kya Shabana poora kar paayegi apna mission? Dekhiye the World Television Premiere of #NaamShabanaOnZeeCinema, S ",1,0,0
285,"RT @zeecinema: Dekhiye arms dealers ke khilaaf Ajay Singh aur Shabana ki jung in the World Television Premiere of #NaamShabanaOnZeeCinema, ",1,0,0
286,By that u mean Hari om ke chole bhature? BTW ki tikki? Van wale gol gappe or momos point ke momos? I have a few mor  https://t.co/BY3BTA4nWP,1,0,0
287,@OYERJALOK @running_shaadi Kamla Nagar se RK Puram Boliye!,1,0,0
288,Dear rockstar @SrBachchan kya aap jaante hai kisiko jisne bhaag ke shaadi ki thi? #RunningShaadi,1,0,0
289,"@Running_Shaadi, yeh rahi meri Running Shaadi ki list. Guys, send in yours as well with #BhaagKeShaadi. @AmitSadh,  https://t.co/98JClkGlD0",1,0,0
290,@sujoy_g @writish Ritesh se ya pandey ji se?,1,0,0
291,"@Salilacharya Thankq :) teesri film mein due mila, not that bad na",1,0,0
292,@anubhavsinha @chintskap @Neenagupta001 @mrrajatkapoor @PracheePaandya @AshrutJain @28singhvartika Ab! Mujhe laga ho gaya tha pehle,0,0,1
293,"Tere bin, bin tere sufiyon ke dere Dekh maine kitne lagaye phere addiye chhod ke bhi jana ho to Hari bhari beri tal  https://t.co/4fOySX4rwO",0,0,1
294,It s on n kicking    #Badla https://t.co/nNSqTZg7Tj,0,0,1
295,@ShoojitSircar @Imangadbedi Arre wah! U liked !!! Divine moment for us !,0,0,1
296,@Imangadbedi When am I not Bedi,0,0,1
297,Thankq sir for such a noble advice. Ab is suggestion ke liye aapko kitna cheque aur kitna cash mein chahiye ???? https://t.co/SZvLJjXPMO,0,0,1
298,Abhi toh trailer bhi nahi aaya mere dost....  https://t.co/HyNSVRveZF,0,0,1
299,Will the power of social media be used for any social service ?????? Ab pata chalega.... jald hi.....,0,0,1
300,@KanikaDhillon Totally! Jab tak sab Meri ek movie ATLEAST dekh na le!,0,0,1
301,@KanikaDhillon   usse pehle meet me otherwise I will take u to katghara!,0,0,1
302,#StateOfMind  Last day on #Manmarziyaan and how badly I will miss venting out my madness  In the garb of  being Rum  https://t.co/zoLyBuLLOJ,0,0,1
303,Wah wah        in Bhai sahab ki understanding ko standing ovation hai! Ikkis topo ki salaami aapko saamne rakh ke d  https://t.co/0he5RVQo3f,0,0,1
304,Bas ab pata chala itni ghatiya soch aati kahan se Hai. This trash is for real! https://t.co/iFpAqoSJxJ,0,0,1
305,From #AsifaBano in the north to #CauveryIssue in the south....... yeh ho kya raha hai humaare desh mein ?????,0,0,1
306,@Salilacharya Arre chalo kisiko mera sarcasm samajh aaya,0,0,1
307,Valentine s Day pe Babaji se pyaar..... sang parivaar  #Manmarziyaa https://t.co/73snTXmUnO,0,0,1
308,"#TeddyDay se, teddy nightmare bana diya aaj! See for yourself what Sumit did today!  #DilJuungleeOn9March https://t.co/MtOat8yNwx",0,0,1
309,RT @Saqibsaleem: Tere pyaar mien kya kya nahi bana mien kabhi bana kutta toh kabhi bana kameena! Love you koro #diljuunglee #16kosolo #feb1,0,0,1
310,Isko dekh le koi doubt nahi hota ki hum logo se zyada junglee Shayad hi koi mile   this @Saqibsaleem being the lead  https://t.co/X2MPIy7QGJ,0,0,1
311,Sir aap paida hi aise hue hai ya aapke saath kuch haadsa hua tha ??? #JustAsking https://t.co/VLrQP5wMdq,0,0,1
312,Taiyaar ho jao dugna panga ke liye! #LePanga #VivoProKabaddi @ProKabaddi @Asli_Jacqueline @Varun_dvn @foxstarhindi  https://t.co/7x6099YZJN,0,0,1
313,RT @zeecinema: Kya desh ko is khatarnaak arms dealer se bacha paayegi Shabana? Watch the World Television Premiere of #NaamShabanaOnZeeCine,0,0,1
314,"Lagta hai abhi kuch aur logo ko saza dena baaki hai, nahi toh yeh band nahi hoga... https://t.co/GGcRa2qqoZ",0,0,1
315,Bas! Ab m hungry. Baaki charcha kabhi aur. Abhi ke liye itna digest karo.    #asktapc ki samaapti,0,0,1
316,@CastingChhabra aatank ho jayega phir toh!,0,0,1
317,@Saqibsaleem haan mere Uppal! Woh toh Meri split personality ka dusra part hai.,0,0,1
318,@veerakapur7 @akshaykumar haan haan of course u will Veera! Y won't u! Lol,0,0,1
319,@ankupande I wish kabhi na mile!,0,0,1
320,@Saqibsaleem arre aise kaise. Abhi I'm building my dolle sholle,0,0,1
321,Yaar aage aage karke industry se mat nikaal dena   https://t.co/dO4S3DvbCc,0,0,1
322,"RT @chillxapp: Bhagaayenge ye, nibhaayenge aap!  Candid interview with the stars of @running_shaadi, @taapsee &amp; @TheAmitSadh, coming soon o ",0,0,1
323,"RT @TheAmitSadh: Bhagayenge hum, nibhayenge aap @taapsee @running_shaadi @Abundantia_Ent https://t.co/S92gXDrlMt",0,0,1
324,"Ok so Mumbai crying out for cold makes the Delhite in me laugh out loud! Sweater, jackets aur boots nikal aaye hai    ",0,0,1
325,@Imangadbedi @ShoojitSircar @ronnielahiri yeh toh bohot simple options de diye,0,0,1
326,@jackkybhagnani then u will get sar pe bottle !,0,0,1
327,RT @running_shaadi: Aa rahe hai Running Shaadi wale bhasad machane! Here's the official poster. #RunningShaadiTrailer reveals today. Stay t,0,0,1
328,@Imangadbedi     be prepared to get knocked down! Aur kya!,0,0,1
329,@ShoojitSircar sir Dilli abhi duur hai. Aur Maine kapde silva rakhe hai.,0,0,1
330,Itni mushkil se toh acting hoti hai Bhai! Aur kuch na ho Payega #AskTapc https://t.co/Yofm1oRcny,0,0,1
331,@shagunpannu jo log mujhe miss nahi kar rahe unke liye kuch nahi hai,0,0,1
332,@Imangadbedi soch rahi hu aaj pink punching gloves daal lu!,0,0,1
333,@alifazal9 arre janamdin hai!!??? Buddha ho gaya tu! Phirse! Mubarak ho Mubarak ho,0,0,1
334,Yeh Lo! Inko samajh nahi aaya lagta hai. Please explain it to this man #nomeansno https://t.co/XzWXlZqVSo,0,0,1
335,@Imangadbedi Ki keha tusi!??? Hain!!!,0,0,1
336,@ronnielahiri technical nahi logical reasons!,0,0,1
337,@ayushmannk Tu pehle shuru ke titles se dekh phir maanungi!,0,0,1
338,@Imangadbedi tu kal bach ke rahio.,0,0,1
339,@ShoojitSircar @rjprackriti jhooth mat bolo. U were the biggest bully on the set.,0,0,1
340,@Salilacharya Hahahahahaha arre phirse! Is baar Maine notice nahi kiya,0,0,1
341,RT @bookmyshow: It's simple! Flaunt your Mumbaiyya lingo as you wish #RanbirKapoor and stand a chance to be a part of a special #Sanju 'Mee,1,0,0
342,@bookmyshow #SanjuOnBMS Ae chote apun to nikla tha doctor banne ban gaya Actor,1,0,0
343,@bookmyshow @foxstarhindi #Sanju aarela hai. Bole to apne ko bhi Jaadu ki jhappi milegi kya? #RanbirKapoor  https://t.co/wFAF15pkbD,1,0,0
344,Being Launched Tomorrow ... KAL dekhte hai yeh ladka AAJ kaise dikhta hai ... https://t.co/2VpmWvD9J8,1,0,0
345,Daisy . hows d aerial view of Ladakh ! enjoying kiya ? Best of luck .   #Race3 #Race3ThisEid @ShahDaisy25 https://t.co/Jdhp8lqRg3,1,0,0
346,Ek baar #Selfish hoke apne liye jiyo na . Song out now on @tipsofficial - https://t.co/fMk1pyFVq3   @itsaadee ?? https://t.co/mlcOHaYnxA,1,0,0
347,Posting #Heeriye song . pole lo . wat u think abt it ? #Race3 @SKFilmsOfficial @tipsofficial @meetbros ?? https://t.co/WZp5DFeaUe,1,0,0
348,Kal ka jo doubt tha woh aaj mujhe doubtful lag raha hai ????????????????,1,0,0
349,Kal ka mujhe thoda doubtful lag raha hai ???? ???? ???? ????,1,0,0
350,"Achchi ho ya boori, life should never be flat. It ??s time to #OwnYourFizz #FeelTheFizz @IamAppyFizz https://t.co/lzf5DmYRLx",1,0,0
351,"Show par aane ke liye aur mere saath @sonytv par #DusKaDum khelne ke liye, download kijiye SonyLIV app . ?? https://t.co/fe8A4vGjzu",1,0,0
352,#Loveratri releasing 224 days from today... batao kya date hai release ki .,1,0,0
353,"Pehla guest banke, lagaunga mein yaha pehli class! #ComedyHighSchool aa raha hai aaj raat 9 baje @RamKapoor ke saat ?? https://t.co/kNt2IxEGUr",1,0,0
354,Paintings at my chalet at Bigg house set dehko #BeingInTouch pe Android Store: https://t.co/46iizrK9V0 iTunes Store ?? https://t.co/H3QyGtJrAx,1,0,0
355,Bigg Boss house ka gym dehkoge? Jao #BeingInTouch pe now- Android Store : https://t.co/46iizrsz3s  iTunes Store : ?? https://t.co/7pbiojzUrG,1,0,0
356,Exclusive images of Bigg Boss. Dehko sirf #BeingInTouch pe. Android Store : https://t.co/46iizrsz3s  iTunes Store : ?? https://t.co/chqFpIurif,1,0,0
357,Bigg Boss set ke unseen images only on #BeingInTouch -  Android Store : https://t.co/46iizrK9V0 iTunes Store : ?? https://t.co/CYgwSJi90A,1,0,0
358,Dekho exclusive images from Bigg Boss set on #BeingInTouch - Android Store : https://t.co/46iizrK9V0 iTunes Store : ?? https://t.co/3hROZ2kste,1,0,0
359,Chalo Surat let me show you your new Being Human store at Godh Dod Road https://t.co/6v5CvQKYcV,1,0,0
360,Aaj ?? abhi ?? isi waqt! Watch #Tubelight on @AmazonVideoIN  https://t.co/LstdbYJFau https://t.co/A1tfU2Ltmp,1,0,0
361,Do Ice cream - Do Ghante ! Tubelight ke liye Tayyar ? #TubelightOnStarGold @StarGoldIndia https://t.co/tlECbzf5nm,1,0,0
362,A special gift to the #BeingInTouch Family - now I will be scouting for talent on the #BeingInTouch app - ?? https://t.co/MtTibhavqd,0,0,0
363,Dekho aur exclusive moments from my trip only on #BeingInTouch #SKinUK - Go download now !  https://t.co/46iizrK9V0 https://t.co/rbXJ7Pw1kj,1,0,0
364,"TipsMusic ki beti Raveena workin wit Z Music not Tandon, Taurani.Time flies saw her as child in#JabPyarKisiseHotaHai https://t.co/T2I5Es4X5B",1,0,0
365,"Namaste, Sat Sri Akal, Khem cho, Assalamu alaykum . Eid Mubarak to all",0,0,1
366,Phir se yaad dila raha hu . Missed call karo abhi - now . #RallyforRivers https://t.co/U0TIdUJLkb,1,0,0
367,Khana? kha? rahe? hai!? Talk later. #Tubelight?  @SohailKhan? @TubelightKiEid https://t.co/5lhhfDIolv,1,0,0
368,.@RFAKWorld sahab and I are back! #TinkaTinkaDilMera out now on @sonymusicindia https://t.co/nRFPhY9pNi @kabirkhankk @TubelightKiEid,1,0,0
369,"Kar lo yakeen, #TubelightTrailer will be here tonight at 8:59 PM .   @starindia @skfilmsofficial @kabirkhankk ?? https://t.co/8idd2IBHkl",1,0,0
370,Lekar aa raha hoon Tubelight ka pehla Gaana on 16th May! Ab bajega #TheRadioSong  ??? @TubelightKiEid @amarbutala ?? https://t.co/PKbZzqEuQL,1,0,0
371,Kya tumhe yakeen hai ? Agar tumhe yakeen hai then 'Back his Back' . https://t.co/XxQCrOFu6U,1,0,0
372,Rehearsals for the 1st show in Hongkong tomo ! #DaBangHK https://t.co/hqe5NRn2lI,0,0,0
373,"Yeh Summer hoga bada Damdaar, Dekho motion poster of?  #HanumanDaDamdaar Aaj HanumanJayanti ke din. @hanuman_damdaar?  https://t.co/XX9pj0T5tk",1,0,0
374,Bhejo your selfie video asking me ur Questions to dabanggcontest@gmail.com #DaBangHK #reveleventshk ?? https://t.co/mRtR1esGe3,1,0,0
375,Get Ready Malaysia for Da Bangg Tour of the year . #Dabangtourmalaysia #DabangKL https://t.co/uBtCiyHTgE,0,0,0
376,"#AskSalmanAnything . Every week naya sawaal, this week - What keeps me grounded ? Jawaab only on #BeingIntouch : ?? https://t.co/0XGUBkx2VS",1,0,0
377,"Special Video Q&amp;A for my loved ones . Toh Sawaal bhejo : Connect.BeingInTouch@gmail.com, Will try to answer the bes ?? https://t.co/CdJp0cW0jV",1,0,0
378,Ab vo do Khans/Kumar/Devgan/Roshan ko con karna baki hai. Ok jaanu? Help Bhai @iamsrk @aamir_khan @akshaykumar @ajaydevgn @iHrithik #Aditya,1,0,0
379,Ek khan ko con kiya to take this pic . Bhai let me post this on his twitter #AdityaRoyKapur https://t.co/LrFX0ZwsF9,1,0,0
380,Ke kehve angreji mein tonight at 8pm World TV Premiere only on @SonyMAX #SultanOnMAX,1,0,0
381,"See the autumn winter being human hope u like, feed bak v imp Achaaaa ya not so Achaaaa. https://t.co/uH752HdbaL",1,0,0
382,#DreamTeam2016 @aliaa08 @S1dharthM  @Varun_dvn  @karanjohar @Its_Badshah  #Katrina #Aditya @ParineetiChopra https://t.co/2vY8gFNDg5,0,0,0
383,Hope barah volt is kafi fr now? #440Volt @SultanTheMovie . https://t.co/Ino3w71mc2,1,0,0
384,440 Pata nahi but apna version 12 volt toh hoga minimum =-D,1,0,0
385,Chalo r u ready for Bigg Boss 10  https://t.co/QVZXDuSrFs,1,0,0
386,"The show I've been wanting to do for the longest time It's BiggBoss, but on Farm Kitna kuch kar sakte hai iske Sath https://t.co/BpQ9MdQBB9",1,0,0
387,Samaj mein aaya ? https://t.co/RrXjuvP9oJ,1,0,0
388,abhi apki baari! mujhe aapki family pic bhejiye and checkout @prdp for #MyPRDPFamily contest .,1,0,0
389,So sweet Saira https://t.co/MUAsn4whfi,0,0,0
390,"Those who already did swachh bharat you can send your entries dobara , ek baar kiya to hogaya kya ? send here cleanindiawithsk@gmail.com",1,0,0
391,Swachh bharat nominations check kiya kya ? ye vale and ab tak jo jo nominate hai from jan to oct send u r entries https://t.co/RME7d4PisI,1,0,0
392,Jab Tum Chaho and jab bhi Tum Chaho ye gaana dekh aur sun sakte ho only on this link #JabtumChaho #PRDP  https://t.co/I44v3M1q0B,1,0,0
393,For all my darlingggg fans n followers. Darlinggg is such a superb song. Haina?,1,0,0
394,"Yeh  post r not late, they r very very very late.  they   shld hv been posted during the release of KICK. Menu Pyar na mileh te marjaava.",0,0,1
395,Kal gaana dekhiye aaj gaane Ka first look #JalteDiyeOutTomorrow @prdp https://t.co/Gh2DfqH2Cc,1,0,0
396,the kid who played my bacchpan in judwa omkaar is in it.N also jai paji who used to b a fighter then action director his son  @mesunnysingh,1,0,0
397,Oh acchha on 3rd oct .,1,0,0
398,Arre sorry pc se mera matlab was priyanka Chopra .,1,0,0
399,Swaagat nahin karoge @mumbaifilmfest ka? Where India Celebrates Cinema.Register at: http://t.co/8qXcty7Fa9 #JioMAMI http://t.co/lHTQgfF0XZ,1,0,0
400,Chalo list banao . https://t.co/wbQ2fxw2Vk,1,0,0
401,"Friends families , family friends hai family. http://t.co/vwF0la7A4L",1,0,0
402,HERO ke agle gaane ke liye tayaar? Love is in the air @soorajpancholi9 @theathiyashetty #KhoyaKhoya Tomorrow at 11am http://t.co/gFJun9d3Oj,1,0,0
403,"Yeh dekho http://t.co/jL4wBrUXkm . Special preview on 7th Aug at 8:59pm IST on Star Network, Star Gold &amp; Hotstar . #MainHoonHeroTeraTeaser",1,0,0
404,Apne callers ko greet karo meri awaaz mein . Goto http://t.co/xPc7sG5EYA,1,0,0
405,"Promise kiya tha . Overseas fans ke like official Bajragi Bhaijaan pendant . Ab Dubai mein avlbl at PNG Jewellers, Meena Bazaar .",1,0,0
406,Ye raha trailer .. http://t.co/N91Kgbkk0F #herotrailer,1,0,0
407,Poster accha laga? Now follow my heroes @soorajpancholi9 @THEATHIYASHETTY come back tom at 5pm to catch the Trailer! #HeroPoster,1,0,0
408,4pm baje karenge . direct baat mere saath .,1,0,0
409,"Party toh hogayi, now watch the journey of Pavan and Munni. #ZindagiKuchTohBata Tomorrow morning at 11am . http://t.co/VsyaDyz53L",1,0,0
410,Is mahine ke Nominations for #SwachhBharat . Before aur After ke bhejo videos yaha . https://t.co/hemBmbRvcR,1,0,0
411,"If I forget, remind kardena plz around 4 ya 4.30.",1,0,0
412,Vashi ka toll on hai.,1,0,0
413,Aree Kaha toh tha Glimpse tha ;),1,0,0
414,Aur twitter walon mein itni samaj nahi hai k abusive language band kar le? Baccha baccha twitter pe hai. Hamare aur aap k bhi. Samajeh?,0,0,1
415,"Agar reply karna ho toh Sirif week end pe karo. Jab koi kaam nahi ho, jab kuch nahi karne ko ho, aur kuch nahi karne ko kyun ho? B busy guys",1,0,0
416,"I understand hero, fan, bhai, sister, beta, love, concern respect, worry, Sab Theek hai. My problem is that, how that instant reply? Y?",1,0,0
417,"Wen I am absolutely free, I tweet n as soon as I tweet I see trending, retweets etc, Itna time hai Sab k pass kya? Kyun hai Itna time?",0,0,1
418,"Don't waste your time on these  bakwass  things . not important, important is  that u r so busy that u don't have any time for this rubbish",0,0,1
419,"Who don't agree, don't follow. Ek accha medium ek zariya ek connect ko barbaad mat karo. Opinion Dena hai toh respect se, our OWN kar k do.",0,0,1
420,"Sooch samaj k Kal jawaab Dena. Phir decide karoonga k I wanna b here or not, aur guaranty hai k Sab aap k stars vil say the same.",1,0,0
421,"Sharukh n amir hate it oo. N for my fans don't let me dwn. Srk n amir khan r my friend toh buss. Bhad mein gaya No 1,2,3. Samjhe kya?",0,0,1
422,"Ek toh vaise bhi kum tweet Karta hoon, nahi karne pe majboor mat karo. Nahi that twitter pe nahi hoonga phir se, kaunsi Badi baat hai",0,0,1
423,Yahaan pe koi compete karne k liyeh nahi aah ya hoon k kiss k followers zyada hai aur Kaun mere doston n competitors ko Gira raha hai.,0,0,1
424,"I vil not b on this social net work any more. Bus khallas, khatam, wanna follow me n want me to b here to Pyar mohobbat se raho. Or I am out",0,0,1
425,How rich in culture n respect v were. Kya ho gaya yaar. Itni nafrat Pyar mein kyun ? If any 1 who follows me disrespect any of my faternity,0,0,1
426,"Continue it n I vil b off twitter. Came here to spread love, share sm thoughts hv fun vit fans  not for them to insult my fraternity. Hut",0,0,1
427,"Fan  who is  on a  false identity   using it to put another actor,friend colleague down ,is no fan of mine,don't like.  simple funda hai.",0,0,1
428,Selfie lena acha lagta hai na? Chalo ab #SelfieLeLeRe gaana dekho http://t.co/O7TR07Uzt7 @BBThisEid,1,0,0
429,Chal beta selfie le le re... Go to @BBThisEid and participate in the selfie contest. #Selfielelerecomingsoon http://t.co/k7TdlBCRcu,1,0,0
430,Ye raha #BajrangiBhaijaanTeaser . http://t.co/zjbHZFzwky @BBThisEid,1,0,0
431,Aaj raat India time theek 7:58 baje Star network ke channels aur Hotstar pe. #BBTeaserTonight @BBThisEid,1,0,0
432,"@TheSlyStallone  Isse beheter body, director, writer, insaan koi nahi hai. I've always followed him in life but my fault not on socialmedia",0,0,1
433,@Thakkarhiral.  hiral's twitter handle.  chota maota  Kahbi kabhi abt me u can ask her. Jab netwrk nahi hota toh I tell her wat to tweet.,1,0,0
434,Iss flying parindey k feathers gin k batao toh maanu. http://t.co/0xi0pWiBgs,1,0,0
435,Want to find out ki aakhir Dolly hai kiski? May be this will give you some clue : http://t.co/kMr5lEUiq3,1,0,0
436,Jst watched dolly ki dolly . Poocho kaisi lagi .,1,0,0
437,Saaf karne k baad same amount of garbage thrown bak thr thats quiet sad . http://t.co/EGkkG5uxML,0,0,1
438,DKD ka link mila ?,1,0,0
439,2 months k gap mein yeh 3 pics . Request the officials or the residents of bkc to take care of that mess . Thank u salman khan,0,0,1
440,I started with Karjat yesterday. Yeh Dekho photo ??s http://t.co/qgStiMqeEr,1,0,0
441,RT @RAJKUMARHIRANI5: #Hamare Des ki sabse Badi Samasiya Kya Hai?  ans.#Suraksha Bachho Ki,0,0,1
442,#Hamare Desh ke Muslim s Ko #Indonesian Muslim s se sikhna chahiye jinhone #Dharm badlne ke bavjod apne #ancestors  https://t.co/j9jyoUw5sS,0,0,1
443,@ChouhanShivraj @BJP4MP Kahi uss party ko join tho nahi kar rahe hai jisse abhi abhi manyata mili.#Hamare padosi.,0,0,1
444,#Hamare ID Ko Follow Karne Ka TariqaKar Type Mesg  Follow Naghaz_Poetry  Yeh Msg Forward Karen 40404 Peh #Shukriya  https://t.co/dCla9q2eUs,1,0,0
445,RT @GurnamGill10: #Hamare Desh ke Muslim s Ko #Indonesian Muslim s se sikhna chahiye jinhone #Dharm badlne ke bavjod apne #ancestors ke #cu,0,0,1
446,#Hamare ID Ko Follow Karne Ka TariqaKar Type Mesg  Follow Naghaz_Poetry  Yeh Msg Forward Karen 40404 Peh #Shukriya  https://t.co/PCPKaTwCrv,1,0,0
447,@TechnicalGuruji Guruji Wo Muuch (Mustache) Rakh Kar Aap Bade Chutiye Lag Rahe Ho?  Kyun? #BoloGuruji,0,0,1
448,Honor 7c or Mi 5 which is better? #Bologuruji,1,0,0
449,@Bhavu2010 @SadhviDeva Jiii haaa bapujiii ko is shadyantra me isliye hii fasayaaa gaya takii wo dharm or sanskritii  https://t.co/kehhVU3ZOK,0,0,1
450,#Bologuruji bhai hai apne bh apple ki tarah notch rakh li choti si..,1,0,0
451,#Bologuruji aap apna number de do sir ji please sir sir,1,0,0
452,#Bologuruji guruji maine halhi mai realme 1 ka 4+64 wala variant buy kiya hai kya yeh mobile leke maine sahi kiya p  https://t.co/N0dizVQ0ID,1,0,0
453,Yeh Kya hua gaurav Bhai ko   @TechnicalGuruji   @emNikhil bro you forgot to blur it.  #BoloGuruji https://t.co/hvoPgay0qT,1,0,0
454,#Bologuruji how is this possible ? ???       https://t.co/ILS1t4y0zC,0,0,1
455,#Bologuruji sir mere channel pe 3528 subscribers ha isko kaise increase karu? And why is the rear camera is big and  https://t.co/SWGcRcevIC,1,0,0
456,"#bologuruji mera sawal ye hai ki.         Muze iPhone Lena hai, kya.     iPhone se.   lelu ya phir.    IPhone se2.  https://t.co/FpaUZxc2fa",1,0,0
457,@TechnicalGuruji Sir please tell me that I should give my username and password in the net banking option to my selected bank?? #Bologuruji,0,0,0
458,Gaurav bhai clean slave me kaafi acche lagte rahe ho jitna expect Kiya tha usse kahi Jada   #Bologuruji,0,0,0
459,@TechnicalGuruji Tech talks late ho gayi bhai aaj. Was waiting for it since an hour. Ab sone ka time ho gaya inteza  https://t.co/hQNK4LpjsL,1,0,0
460,#Honor10 checkout which #iPhone you should buy in 2018 between iPhone SE and iphone 6 https://t.co/AjEBKHn7nl do ch  https://t.co/4fDolPfwRB,1,0,0
461,@TecGuruji_FC #bologuruji Garwalo ka reaction aapke dadhi ko lekar...,1,0,0
462,@technicalgruji #bologuruji Bhiya kaya asus ka 15000 k under koi accha phone hai kaya,1,0,0
463,RT @TechnicalGuruji: Pucho saare sawaal Sunday Tech Masala ke liye..Kuch Masaledaar banaate hai..#BoloGuruji,1,0,0
464,#Bollywood #Bologuruji #MoviebuffS2 #movietwit #BollywoodCelebs #KarwaanTrailerOutNow #actor #fathersday2018 Super  https://t.co/ZQyzPMhfzF,1,0,0
465,which one is better to opt realme 1 or xiomi Note 5? #Bologuruji @TechnicalGuruji,1,0,0
466,@technicalgruji https://t.co/XBsp9kOZIq #BoloGuruji,1,0,0
467,#Bologuruji apke channel ke liye sharmaji ko chhorke sabse bara haat kiska hai?,1,0,0
468,... #BoloGuruji #copper @KarnikaKohli https://t.co/5oR54jxx4N,1,0,0
469,#BoloGuruji ik episode guruji battery par bnao jaise battery charge karne ka sahi tarika or koi normal phone jaise  https://t.co/P4iNYbvOFu,1,0,0
470,@TechnicalGuruji Hello Bhaiya..25 k Tak best laptop Batao..#bologuruji,1,0,0
471,@KhushiSengar2 @Chinmayananda Niradhaar hii faislaa sunayaaa gaya #BoloGuruji,0,0,1
472,@technicalgruji @YouTube #Bologuruji  Redmi note 5pro me new full screen vala update kab ayega plz batana jarur,1,0,0
473,#Bologuruji  @TechnicalGuruji  What's About The Collaboration like This...Like And RT if you Agree.             https://t.co/I5YchmEkP3,1,0,0
474,@TechnicalGuruji #bologuruji sir app jo pehle chote youtubers ko promote krte the na apne channel pe unki video upl  https://t.co/axnvNFMAhx,0,0,1
475,RT @TechnicalGuruji: #78 Sunday Tech Masala - USA Edition #BoloGuruji https://t.co/TwfCFFZjKV via @YouTubeIndia,1,0,0
476,Q. Gaurav bhaya aapne aaj tak jitne bhi content YouTube par upload kiye he vo sbhi apke pas store kiye hue he kya ? #Bologuruji,1,0,0
477,#BoloGuruji make a on how can  The students use internet for study or to make study interesting ?,1,0,0
478,#Bologuruji Gaurav bhai kya phone Ko update krne se phone dhire dhire slow ho jata hai ??,1,0,0
479,RT @Kapil71981917: @TechnicalGuruji  Dikh Gaye aap  Plzz reply Karna. #BoloGuruji  #mumbiker nikhil https://t.co/ZUZwjvLuzt,1,0,0
480,#Bologuruji Gaurav Bhai aap kabhi bhi ques pick nahi karte iss baar karlena  Choose 1: BMW or Audi Samsung or Onepl  https://t.co/c4nyqDiOS1,1,0,0
481,#bologuruji #technicalguruji please choose my #question    what is a #facebook  #poke   meaning please #answer mi,1,0,0
482,#Bologuruji hi,1,0,0
483,#BoloGuruji kya humai S10 k liye wait karna chahiye ya note 9 laina chaiye,1,0,0
484,"@TechnicalGuruji #BoloGuruji sir koi new idea hai, online shopping store startup k liye",1,0,0
485,"RT @Dkabir0: #BoloGuruji what's your think about this   topic, you should be make a youtube video it. You can do it. #WarAgainstDowry will ",1,0,0
486,#Bologuruji guruji kya shave krne ke Baad aapka iPhone X ka facelock khula tha ka,1,0,0
487,@TechnicalGuruji #BoloGuruji https://t.co/XBsp9kOZIq,1,0,0
488,@TechnicalGuruji  Dikh Gaye aap  Plzz reply Karna. #BoloGuruji  #mumbiker nikhil https://t.co/ZUZwjvLuzt,1,0,0
489,Teacher: Iss muhaavre ka udaahran do   Begaani shaadi mein Abdullah deewana   Chantu: Hindustaaniyon ka raat bhar j  https://t.co/AOIyzi1e0z,0,0,1
490,#Jio has launches their latest plans with 5GB per day https://t.co/TbFHcd6iZi check it out #YouTube #Bologuruji  https://t.co/HFFas31IqN,1,0,0
491,@AdilAkh14018608 Ar sir maine to #Kathua ki bhi ninda ki aur #BoloGuruji #Asaram ki bhi aur #unnav ki bhi to plz aa  https://t.co/w7TYJtx45E,0,0,1
492,@TechnicalGuruji bhai aapne tech talks ke website Bata do please bilkul sach sach or saare(all websites)#BoloGuruji,1,0,0
493,"@TechnicalGuruji #Bologuruji 3000 se 4000 ke budget me printer mil sekta he kya, aur uska ek review de do plz... Au  https://t.co/E9orYNwe8G",1,0,0
494,#BoloGuruji GauravBhaiya Kya apko programming Language ati hai kya ? Ha to konsi ? Usase Apne Kya Kya Develope Kiya  https://t.co/gBzKqbbQ7S,1,0,0
495,@BjpBiplab kitna MBPS Tha sir ? maha Bharat ka Internet Speed? @speedtest  bhi tha kya us samay ? Check kiya tha ar  https://t.co/w2JSjIwym7,0,0,1
496,#bologuruji  bhai hello what's up pick my question bhai it's what's android go please tell me,1,0,0
497,I want to purchase a samsung phone from dubai for use in India.Will it work in India? What will be the procedure fo  https://t.co/WweEsVyyYG,1,0,0
498,Nawwwww! The rain had better not mess with my viewing of Messi! Attak ke chal rahi hai and there s no antenna we can set either:(,0,0,1
499,Oh..ab samajh mein aaya penalty kyon miss hua thha..,0,0,1
500,Abbas mustan ki jagah remo ko race 3 direct karne dena ye soch hi salman ki film making ki soch pe shaque aata hai..,0,0,1
501,"Remo ne Bhai ki lanka laga di Bhai fans, Remo ji ko bolo, Dance films hi direct karen, Abbas Mustan ji ke movies direct karna choreographer ka kaam nahi hai",0,0,1
502,Akshey ka servant aapko naukari pr rakh lega Ha ha ha ha BC,0,0,1
503,Chal nikal ek movie Mei kaam Kiya wo bhi flop Faltu advice Mt Kiya kr,0,0,1
504,Abe Chutiye...Waisa movie Karne keliye guts Chahiye...Gandu...samjha lundchus,0,0,1
505,Chup chutiye. Tera kaam movie review krna tha na be. Ab akki ko salaah kb se dene lga,0,0,1
506,Koi aur kaam pakad le koi bhi like nahi Karta Tere ko BC,0,0,1
507,Dum hai to mujhse debait kr,0,0,1
508,Yr tumko Race 3 pasand nai aai to hum Kya Kare Hame to aapki shakal bhi pasand nai aai Fir bhi aap jaisi shakal ko jhel Rahe hai Aapko koi serious nahi leta kyonki aap Sirf aur Sirf publicity chahte ho But sorry aapka Kuch nahi ho sakta Aap swami om ke duplicate ho ha ha ha,0,0,1
509,Hut saale.. Tu race 3 k liye bhi ye Bola tha,0,0,1
510,Ha ha ha Sab apne Pajama ka nada muh me bandh kar baith gaye pissfuls ke bare me Chu bhi nai nikalti malum he pichwade me bomb mar ke uda de denge Ola - Hu- Uber,0,0,1
511,Remembering srgay sir jInhone 4 saal se laashien bicha rkhi hai !!,0,0,1
512,Randio aur kothewalio kaa koi dharm nahi hota hai,0,0,1
513,review toh sahi nhi diya be tu,0,0,1
514,169 cr bro wake up...kaha hy aap,0,0,1
515,Look Who is talking about acting Pehle khud sikhle badh mein review dena,0,0,1
516,Sir tripple talaq ho ya beef ban ho kuch bhi ho mujko yeh baat se kuch lena dena nahi hai tripple talaq muslim women vote ke liye tha beef ban hindu votebank ke liye we all know the fact beef ke sabse bade exporter name. But ab muslims ko apni identity ko lekar problem diya ja,0,0,1
517,Abhi Universe ke Maharaj Bangalore ke AC me aaram farma rahe hai. Don t dare to disturb him.,0,0,1
518,Muuh pe Maro ye report kejri k...,0,0,1
519,Yaar mujhe bhi lele IT CELL MEIN IT ki bhut knowledge hai baba Photoshop or editing bhi aati hai...,0,0,1
520,Fact baat boli hai tune .ab khud ko hi dekh le kejri ke niche latak raha hai batao kejri raaj mein tatte bhi bol rahe hai .kuch bhi kaho baat to hai apne kejri mein...,0,0,1
521,"Abe bosdko, they both love each other and they have enough bhaichara. You dont need to tell what they shd do. Get lost bc",0,0,1
522,Jo aadmi national tv pe apne bacho ki jhooti kasam Kha sakta hai uska khoon safed lassi he hoga....,0,0,1
523,"Kajri knows this He is a lower ranked IRS officer He is jealous of these IAS officers No IAS would ever give Kajri the respect he expects If kajri had been an Anpad like HDK, he would have found more respect from these IAS guys",0,0,1
524,"Why cannot the morally upright CM of the Union of Delhi not say sorry for his behaviour with the Chief Secretary? Ek Baar bol ke to dekhe, lassi thick blood bhi pighal jayega!!",0,0,1
525,"Kapil ji, is photo me Kejriwal ji ke hatho me MOBILE MISSING hai. Ye sab kaam Twitter pe hi to karte hain.",0,0,1
526,Sir why LG shd give time to KAAMCHOR person like @ArvindKejriwal who dont have time for assembly as well as Delhi?,0,0,1
527,"Bhaijaan, i just have one suggestion for you, Logon ke hath me sirf bandook dene se action movie nahi banta bhai",0,0,1
528,Abe 30 lac se aage to badh.,0,0,1
529,See aukaat. Increase yours,0,0,1
530,Isnt this a big chutiyapa. Concentrate on cricket than beard. Ghar ki kheti hai yaar,0,0,1
531,Derserve to modi bi nhi krta PM,0,0,1
532,"Sir chhodo na, fir koi case pel jaayega ! Ek kaam karo e-mail ki tarah twitter pe bhi signature bana lo. Thanks and Regards Arvind Kejriwal Sorry.",0,0,1
533,"Modi ji , this is haalat of your mitron nowdays",0,0,1
534,Sach Batau . We were not ready with the #Race3Trailer . Is liye itne posters banaye . But Intezar ka fal meetha hota hai . The #Race3 trailer coming to u on May15 . And i promise u the wait will be worth it .,0,0,1
535,How can a groom wear SPORTS SHOES on a sherwani Fashion ke naam pe bencho Kuch bhi,0,0,1
536,Sir but even kejriwal is not dood ka dhula.. Thug Raja,0,0,1
537,May be during his tenure as a jnt commissioner of IT @ArvindKejriwal has 'harassed' many IAS. Now they ganged up to take a badla,0,0,1
538,"Party of gundas, beef militants asking aap to apologize on a alleged slap. Why dont DP show the cctv footage it grabbed. Its same thing, black money black money karke power le lo, aur jab baari aayi to, chup baitho, nationalist agenda push karo, bhatakao, gumraah karo. Obnoxious.",0,0,1
539,"Ask for maafinaama from IAS officers , Shayad mil jaye.",0,0,1
540,"Jalebi ki tarah ghooma k bol raha hai........par matlab uska ""SORRY"" hi hain.",0,0,1
541,Ye arvind kejriwal ji hain. ye regret vegret nahi karte. Sidha lamba let ho k maafi mangte hain. Jra wait karo,0,0,1
542,Bhai tum Bihar main ho. Wahi ke baare me baat Karo. Delhi main hum rehte hain. Hame pata hai hamare gharo main kaise coca cola aati hai 45degree main electricity gayab hai. Aur hamare international CM ko dharne se fursat nahi,0,0,1
543,"Bhai, what are you a movie critic or political critic or multi talented critic? Kahin bhi gus jaatey ho.",0,0,1
544,Kyon ki logon ne bollywood ka majaak bana ke rakha hai,0,0,1
545,Kamal tuje Bata sakta hai SANJU ki life Time boxoffice collection Kitni hogi ??,0,0,1
546,Joker LT 20cr this decade Distributer ko Zinda Gaad Diya chakki ne,0,0,1